Order ID,Date,Region,Product,Promotion,Price,Quantity,Sales
QR10001,2019-01-01,NA,Product E,0,155.7,26,4048.2
QR10002,2019-01-03,NA,Product F,0,83.7,8,669.6
QR10003,2019-01-05,NA,Product B,0,181.8,7,1272.6000000000001
QR10004,2019-01-06,EMEA,Product B,0,157.6,20,3152
QR10005,2019-01-08,NA,Product B,0,237.2,29,6878.799999999999
QR10006,2019-01-08,NA,Product D,1,181.6,13,1888.64
QR10007,2019-01-09,EMEA,Product B,0,240.1,22,5282.2
QR10008,2019-01-09,ASPAC,Product B,0,274.6,24,6590.4000000000005
QR10009,2019-01-09,NA,Product C,0,38.5,22,847
QR10010,2019-01-10,NA,Product I,0,217.2,21,4561.2
QR10011,2019-01-10,ASPAC,Product B,0,215,24,5160
QR10012,2019-01-11,NA,Product B,0,6.5,12,78
QR10013,2019-01-12,EMEA,Product B,0,51,7,357
QR10014,2019-01-12,ASPAC,Product A,0,279.4,13,3632.2
QR10015,2019-01-13,ASPAC,Product B,0,149.6,5,748
QR10016,2019-01-14,EMEA,Product D,0,196,11,2156
QR10017,2019-01-14,ASPAC,Product F,1,166.9,30,4005.6000000000004
QR10018,2019-01-16,NA,Product F,0,48,10,480
QR10019,2019-01-16,NA,Product C,1,189.9,7,1063.44
QR10020,2019-01-16,NA,Product E,1,81.2,20,1299.2000000000003
QR10021,2019-01-16,EMEA,Product B,0,121.9,14,1706.6000000000001
QR10022,2019-01-17,NA,Product I,0,272.7,28,7635.5999999999995
QR10023,2019-01-17,NA,Product B,0,95,21,1995
QR10024,2019-01-18,NA,Product E,0,225.6,13,2932.7999999999997
QR10025,2019-01-19,NA,Product E,0,183,13,2379
QR10026,2019-01-20,NA,Product F,0,139.1,9,1251.8999999999999
QR10027,2019-01-21,EMEA,Product E,0,105.4,28,2951.2000000000003
QR10028,2019-01-22,ASPAC,Product F,1,190.8,5,763.2
QR10029,2019-01-22,NA,Product I,0,21.3,25,532.5
QR10030,2019-01-22,NA,Product B,0,44.4,11,488.4
QR10031,2019-01-23,EMEA,Product A,0,124.2,18,2235.6
QR10032,2019-01-23,LATAM,Product B,0,67.4,4,269.6
QR10033,2019-01-23,LATAM,Product H,0,254,9,2286
QR10034,2019-01-23,EMEA,Product C,0,15.9,30,477
QR10035,2019-01-24,NA,Product B,0,237.9,26,6185.4000000000005
QR10036,2019-01-29,NA,Product F,1,117.5,27,2538
QR10037,2019-01-30,NA,Product E,0,26.3,27,710.1
QR10038,2019-02-01,NA,Product D,1,78.1,17,1062.1599999999999
QR10039,2019-02-02,ASPAC,Product C,0,75.2,20,1504
QR10040,2019-02-02,EMEA,Product B,0,155.9,8,1247.2
QR10041,2019-02-03,LATAM,Product C,0,42.3,18,761.4
QR10042,2019-02-05,ASPAC,Product F,1,58.1,5,232.40000000000003
QR10043,2019-02-05,NA,Product I,0,154.1,11,1695.1
QR10044,2019-02-09,LATAM,Product E,0,107,17,1819
QR10045,2019-02-10,NA,Product H,0,146.5,28,4102
QR10046,2019-02-10,EMEA,Product B,0,164.2,6,985.1999999999999
QR10047,2019-02-10,EMEA,Product C,0,164.4,21,3452.4
QR10048,2019-02-10,NA,Product D,0,48.1,15,721.5
QR10049,2019-02-10,NA,Product B,1,91.9,4,294.08000000000004
QR10050,2019-02-11,ASPAC,Product B,1,71.7,11,630.96
QR10051,2019-02-12,NA,Product F,0,120,28,3360
QR10052,2019-02-14,ASPAC,Product F,0,135.6,15,2034
QR10053,2019-02-15,EMEA,Product E,0,274.8,12,3297.6000000000004
QR10054,2019-02-15,EMEA,Product C,0,159.5,13,2073.5
QR10055,2019-02-17,LATAM,Product E,0,129.7,2,259.4
QR10056,2019-02-17,EMEA,Product I,0,190.1,21,3992.1
QR10057,2019-02-17,NA,Product F,1,276,27,5961.6
QR10058,2019-02-18,ASPAC,Product H,1,61,10,488.00000000000006
QR10059,2019-02-18,EMEA,Product B,0,218.5,1,218.5
QR10060,2019-02-20,NA,Product E,0,34.3,26,891.8
QR10061,2019-02-21,EMEA,Product F,0,76.1,4,304.4
QR10062,2019-02-22,NA,Product F,0,234.3,18,4217.4000000000005
QR10063,2019-02-22,EMEA,Product F,0,275.5,6,1653
QR10064,2019-02-23,NA,Product E,0,138.5,2,277
QR10065,2019-02-25,EMEA,Product B,0,194.1,3,582.3
QR10066,2019-02-26,NA,Product F,0,58.4,5,292
QR10067,2019-02-28,NA,Product B,1,200.2,19,3043.04
QR10068,2019-02-28,NA,Product H,0,171.4,8,1371.2
QR10069,2019-02-28,NA,Product E,0,201.9,6,1211.4
QR10070,2019-03-03,NA,Product I,1,248,28,5555.2
QR10071,2019-03-04,NA,Product C,0,246.3,24,5911.200000000001
QR10072,2019-03-08,NA,Product B,0,73.4,16,1174.4
QR10073,2019-03-08,NA,Product F,0,141.4,7,989.8000000000001
QR10074,2019-03-09,NA,Product B,0,50.6,28,1416.8
QR10075,2019-03-10,EMEA,Product E,0,158.2,15,2373
QR10076,2019-03-13,NA,Product I,0,243.8,17,4144.6
QR10077,2019-03-13,LATAM,Product B,0,239.6,5,1198
QR10078,2019-03-13,NA,Product B,0,214.1,4,856.4
QR10079,2019-03-14,EMEA,Product E,0,14.7,6,88.19999999999999
QR10080,2019-03-15,NA,Product I,1,100.9,10,807.2000000000002
QR10081,2019-03-16,EMEA,Product C,1,158.7,21,2666.16
QR10082,2019-03-16,ASPAC,Product C,0,249.4,1,249.4
QR10083,2019-03-18,NA,Product B,1,270.8,11,2383.04
QR10084,2019-03-19,NA,Product E,1,124.3,24,2386.56
QR10085,2019-03-19,NA,Product H,0,56.1,1,56.1
QR10086,2019-03-21,EMEA,Product C,0,198.6,27,5362.2
QR10087,2019-03-22,NA,Product F,0,220,16,3520
QR10088,2019-03-24,LATAM,Product E,0,57.9,18,1042.2
QR10089,2019-03-25,EMEA,Product B,0,128.4,19,2439.6
QR10090,2019-03-25,EMEA,Product I,0,58,1,58
QR10091,2019-03-28,NA,Product C,0,150.5,5,752.5
QR10092,2019-03-29,NA,Product A,1,246.1,16,3150.08
QR10093,2019-03-31,NA,Product E,0,154.3,16,2468.8
QR10094,2019-04-02,NA,Product D,0,201.5,8,1612
QR10095,2019-04-04,ASPAC,Product C,1,53.3,6,255.84
QR10096,2019-04-04,NA,Product E,0,229,1,229
QR10097,2019-04-06,EMEA,Product B,0,130.3,5,651.5
QR10098,2019-04-07,EMEA,Product A,0,227.2,18,4089.6
QR10099,2019-04-07,EMEA,Product F,0,221.5,2,443
QR10100,2019-04-07,NA,Product E,0,233.6,1,233.6
QR10101,2019-04-08,NA,Product H,0,7.5,29,217.5
QR10102,2019-04-09,LATAM,Product H,0,213.5,27,5764.5
QR10103,2019-04-09,NA,Product E,0,149.4,13,1942.2
QR10104,2019-04-10,NA,Product H,0,121.5,27,3280.5
QR10105,2019-04-10,ASPAC,Product F,0,75.1,6,450.59999999999997
QR10106,2019-04-10,ASPAC,Product D,0,187.2,17,3182.3999999999996
QR10107,2019-04-12,NA,Product C,1,180.4,11,1587.5200000000002
QR10108,2019-04-12,EMEA,Product H,0,103.6,21,2175.6
QR10109,2019-04-14,EMEA,Product A,1,220,10,1760
QR10110,2019-04-15,NA,Product E,0,211.1,8,1688.8
QR10111,2019-04-17,NA,Product B,1,189.9,16,2430.7200000000003
QR10112,2019-04-24,LATAM,Product I,0,79.5,29,2305.5
QR10113,2019-04-24,NA,Product C,0,24.6,7,172.20000000000002
QR10114,2019-04-25,ASPAC,Product E,1,95.1,3,228.24
QR10115,2019-04-29,ASPAC,Product A,0,104,28,2912
QR10116,2019-04-30,EMEA,Product B,1,227,18,3268.8
QR10117,2019-05-01,EMEA,Product H,0,138.4,14,1937.6000000000001
QR10118,2019-05-01,EMEA,Product B,1,47.5,7,266
QR10119,2019-05-01,EMEA,Product B,0,162.9,2,325.8
QR10120,2019-05-04,NA,Product A,0,266.7,9,2400.2999999999997
QR10121,2019-05-04,LATAM,Product E,0,122.5,13,1592.5
QR10122,2019-05-05,EMEA,Product D,0,101.2,26,2631.2000000000003
QR10123,2019-05-07,EMEA,Product A,1,193.9,3,465.36
QR10124,2019-05-08,NA,Product I,0,30.3,4,121.2
QR10125,2019-05-08,EMEA,Product I,0,155.1,16,2481.6
QR10126,2019-05-08,NA,Product E,0,215.3,1,215.3
QR10127,2019-05-11,NA,Product F,0,234.8,7,1643.6000000000001
QR10128,2019-05-12,EMEA,Product E,0,30,10,300
QR10129,2019-05-12,ASPAC,Product D,1,141.4,12,1357.44
QR10130,2019-05-12,ASPAC,Product E,0,102.7,13,1335.1000000000001
QR10131,2019-05-13,ASPAC,Product C,0,266.9,2,533.8
QR10132,2019-05-13,NA,Product H,1,71.5,10,572
QR10133,2019-05-16,LATAM,Product E,0,214.6,3,643.8
QR10134,2019-05-18,EMEA,Product D,0,235.1,5,1175.5
QR10135,2019-05-21,ASPAC,Product E,0,257.1,29,7455.9000000000005
QR10136,2019-05-22,NA,Product I,0,92.4,12,1108.8000000000002
QR10137,2019-05-22,LATAM,Product B,1,37,29,858.4000000000001
QR10138,2019-05-24,NA,Product B,0,272.1,26,7074.6
QR10139,2019-05-25,LATAM,Product A,1,24.8,26,515.8400000000001
QR10140,2019-05-26,NA,Product F,1,95.9,24,1841.2800000000002
QR10141,2019-05-26,ASPAC,Product F,0,128.7,4,514.8
QR10142,2019-05-26,EMEA,Product H,0,38.7,5,193.5
QR10143,2019-05-26,EMEA,Product C,0,219.4,4,877.6
QR10144,2019-05-28,NA,Product A,0,255.3,24,6127.200000000001
QR10145,2019-05-29,NA,Product I,0,197.9,3,593.7
QR10146,2019-05-31,NA,Product H,0,255.9,11,2814.9
QR10147,2019-05-31,NA,Product B,0,218.3,29,6330.700000000001
QR10148,2019-06-01,EMEA,Product F,0,185,18,3330
QR10149,2019-06-02,EMEA,Product E,0,200.6,6,1203.6
QR10150,2019-06-03,NA,Product E,0,60.9,7,426.3
QR10151,2019-06-03,ASPAC,Product E,0,104.9,19,1993.1000000000001
QR10152,2019-06-03,NA,Product E,0,119.6,23,2750.7999999999997
QR10153,2019-06-05,EMEA,Product C,0,228.3,19,4337.7
QR10154,2019-06-06,EMEA,Product E,0,79.2,16,1267.2
QR10155,2019-06-07,EMEA,Product D,0,157.5,1,157.5
QR10156,2019-06-08,EMEA,Product B,1,82,19,1246.4
QR10157,2019-06-08,NA,Product B,0,15.8,2,31.6
QR10158,2019-06-09,NA,Product E,0,141.6,9,1274.3999999999999
QR10159,2019-06-10,ASPAC,Product C,0,20.5,17,348.5
QR10160,2019-06-10,NA,Product E,0,67.4,3,202.20000000000002
QR10161,2019-06-10,NA,Product F,0,178.8,18,3218.4
QR10162,2019-06-12,NA,Product E,0,30.7,29,890.3
QR10163,2019-06-14,NA,Product B,0,82.4,28,2307.2000000000003
QR10164,2019-06-14,NA,Product E,0,59.1,3,177.3
QR10165,2019-06-15,NA,Product I,0,219.5,23,5048.5
QR10166,2019-06-15,EMEA,Product E,0,74.2,28,2077.6
QR10167,2019-06-16,NA,Product I,0,241.4,25,6035
QR10168,2019-06-18,EMEA,Product F,0,272.4,11,2996.3999999999996
QR10169,2019-06-19,LATAM,Product F,0,177.4,25,4435
QR10170,2019-06-21,NA,Product F,0,168.7,23,3880.1
QR10171,2019-06-22,NA,Product F,0,206.6,4,826.4
QR10172,2019-06-22,EMEA,Product B,0,37.9,15,568.5
QR10173,2019-06-22,NA,Product F,1,63.4,1,50.72
QR10174,2019-06-25,EMEA,Product F,0,36,17,612
QR10175,2019-06-25,LATAM,Product C,0,67.3,5,336.5
QR10176,2019-06-26,EMEA,Product F,0,14.6,5,73
QR10177,2019-06-29,EMEA,Product E,0,260.3,6,1561.8000000000002
QR10178,2019-07-01,EMEA,Product I,0,249.6,26,6489.5999999999995
QR10179,2019-07-01,EMEA,Product E,0,207,17,3519
QR10180,2019-07-03,NA,Product B,0,214.2,23,4926.5999999999995
QR10181,2019-07-04,ASPAC,Product H,1,35.7,27,771.1200000000001
QR10182,2019-07-04,NA,Product I,0,123.5,15,1852.5
QR10183,2019-07-06,NA,Product I,0,79.5,20,1590
QR10184,2019-07-11,LATAM,Product A,0,90.6,18,1630.8
QR10185,2019-07-11,EMEA,Product H,0,274,25,6850
QR10186,2019-07-15,LATAM,Product I,0,159.3,30,4779
QR10187,2019-07-16,EMEA,Product A,0,116.9,25,2922.5
QR10188,2019-07-17,NA,Product C,1,179.4,2,287.04
QR10189,2019-07-17,NA,Product C,0,217.2,2,434.4
QR10190,2019-07-18,NA,Product E,0,194.8,21,4090.8
QR10191,2019-07-18,EMEA,Product H,0,151.1,9,1359.8999999999999
QR10192,2019-07-20,LATAM,Product I,0,129.6,9,1166.3999999999999
QR10193,2019-07-22,NA,Product B,0,76.7,16,1227.2
QR10194,2019-07-23,EMEA,Product E,0,138.2,20,2764
QR10195,2019-07-23,NA,Product B,0,186,13,2418
QR10196,2019-07-23,EMEA,Product C,0,159.6,16,2553.6
QR10197,2019-07-23,NA,Product A,0,177,4,708
QR10198,2019-07-23,ASPAC,Product F,0,142.7,15,2140.5
QR10199,2019-07-24,NA,Product H,0,19.9,14,278.59999999999997
QR10200,2019-07-24,NA,Product E,1,237.7,23,4373.68
QR10201,2019-07-25,NA,Product E,0,172.6,23,3969.7999999999997
QR10202,2019-07-26,ASPAC,Product A,0,148.3,4,593.2
QR10203,2019-07-27,NA,Product D,0,19.8,3,59.400000000000006
QR10204,2019-07-28,EMEA,Product E,0,226.6,2,453.2
QR10205,2019-07-30,NA,Product F,0,81.7,20,1634
QR10206,2019-08-01,ASPAC,Product H,1,11.9,21,199.92000000000002
QR10207,2019-08-03,EMEA,Product E,0,128.8,28,3606.4000000000005
QR10208,2019-08-03,EMEA,Product A,0,152.2,4,608.8
QR10209,2019-08-04,EMEA,Product H,0,195.4,10,1954
QR10210,2019-08-05,ASPAC,Product I,0,74.3,18,1337.3999999999999
QR10211,2019-08-07,ASPAC,Product C,0,176.6,14,2472.4
QR10212,2019-08-08,ASPAC,Product F,1,66.4,28,1487.3600000000001
QR10213,2019-08-08,EMEA,Product A,0,106.6,18,1918.8
QR10214,2019-08-10,NA,Product C,0,215.7,30,6471
QR10215,2019-08-11,ASPAC,Product F,0,224,19,4256
QR10216,2019-08-11,NA,Product E,1,201.1,16,2574.08
QR10217,2019-08-11,NA,Product A,0,32.7,9,294.3
QR10218,2019-08-12,EMEA,Product F,0,19,13,247
QR10219,2019-08-12,NA,Product E,1,225.4,7,1262.2400000000002
QR10220,2019-08-12,LATAM,Product C,1,158.9,20,2542.4
QR10221,2019-08-16,NA,Product E,0,33.4,10,334
QR10222,2019-08-16,NA,Product B,0,20.2,4,80.8
QR10223,2019-08-17,NA,Product D,0,120.9,23,2780.7000000000003
QR10224,2019-08-18,EMEA,Product B,0,24,6,144
QR10225,2019-08-18,EMEA,Product E,0,110.8,29,3213.2
QR10226,2019-08-18,NA,Product F,0,103.4,13,1344.2
QR10227,2019-08-18,ASPAC,Product C,0,25,28,700
QR10228,2019-08-23,EMEA,Product C,0,117.1,24,2810.3999999999996
QR10229,2019-08-24,NA,Product B,0,153.2,11,1685.1999999999998
QR10230,2019-08-25,LATAM,Product E,0,244.2,1,244.2
QR10231,2019-08-29,ASPAC,Product C,0,218.5,8,1748
QR10232,2019-08-29,ASPAC,Product B,0,107.6,25,2690
QR10233,2019-08-31,NA,Product B,1,41.8,30,1003.1999999999999
QR10234,2019-08-31,EMEA,Product F,1,10.7,16,136.96
QR10235,2019-08-31,NA,Product D,0,205.3,2,410.6
QR10236,2019-09-01,ASPAC,Product E,1,24.6,29,570.7200000000001
QR10237,2019-09-01,NA,Product E,0,67.6,12,811.1999999999999
QR10238,2019-09-01,NA,Product C,0,164,1,164
QR10239,2019-09-01,NA,Product F,0,24.4,11,268.4
QR10240,2019-09-01,EMEA,Product H,0,153.8,19,2922.2000000000003
QR10241,2019-09-03,NA,Product E,1,134.8,8,862.7200000000001
QR10242,2019-09-03,LATAM,Product F,0,42.3,26,1099.8
QR10243,2019-09-04,EMEA,Product E,0,222.9,12,2674.8
QR10244,2019-09-04,EMEA,Product E,1,202.1,21,3395.28
QR10245,2019-09-05,EMEA,Product C,0,190.8,25,4770
QR10246,2019-09-05,NA,Product B,0,209.4,24,5025.6
QR10247,2019-09-06,EMEA,Product E,1,34.4,24,660.48
QR10248,2019-09-07,NA,Product F,0,96,27,2592
QR10249,2019-09-08,EMEA,Product B,0,106.5,6,639
QR10250,2019-09-12,EMEA,Product E,0,15.5,16,248
QR10251,2019-09-13,NA,Product A,0,157.1,21,3299.1
QR10252,2019-09-13,EMEA,Product H,0,276.5,17,4700.5
QR10253,2019-09-14,LATAM,Product I,0,211.1,17,3588.7
QR10254,2019-09-14,NA,Product E,0,270.4,7,1892.7999999999997
QR10255,2019-09-15,NA,Product B,0,148.2,13,1926.6
QR10256,2019-09-16,NA,Product H,0,182.9,21,3840.9
QR10257,2019-09-17,NA,Product D,0,236.5,26,6149
QR10258,2019-09-17,NA,Product C,1,68.6,17,932.9599999999999
QR10259,2019-09-19,ASPAC,Product C,1,87.8,27,1896.4799999999998
QR10260,2019-09-19,ASPAC,Product E,0,240.9,21,5058.9000000000005
QR10261,2019-09-19,NA,Product E,0,21.4,21,449.4
QR10262,2019-09-21,ASPAC,Product E,0,116.9,19,2221.1
QR10263,2019-09-21,NA,Product H,0,232.1,28,6498.8
QR10264,2019-09-23,LATAM,Product E,0,120.2,1,120.2
QR10265,2019-09-25,NA,Product H,0,201.9,25,5047.5
QR10266,2019-09-25,EMEA,Product B,0,62.6,2,125.2
QR10267,2019-09-27,NA,Product E,0,145.6,8,1164.8
QR10268,2019-09-28,NA,Product H,0,257.3,8,2058.4
QR10269,2019-09-28,NA,Product H,1,125.1,16,1601.28
QR10270,2019-09-30,LATAM,Product C,0,226.1,8,1808.8
QR10271,2019-10-02,NA,Product F,1,153.1,18,2204.64
QR10272,2019-10-04,NA,Product A,1,161.2,12,1547.52
QR10273,2019-10-04,NA,Product E,0,220.3,11,2423.3
QR10274,2019-10-05,ASPAC,Product B,0,179.4,25,4485
QR10275,2019-10-08,NA,Product B,0,45.5,16,728
QR10276,2019-10-09,EMEA,Product I,0,88.5,17,1504.5
QR10277,2019-10-09,NA,Product E,0,178.7,13,2323.1
QR10278,2019-10-10,NA,Product E,1,144.5,24,2774.4
QR10279,2019-10-11,EMEA,Product H,0,36.1,29,1046.9
QR10280,2019-10-11,NA,Product D,0,221.8,27,5988.6
QR10281,2019-10-12,ASPAC,Product F,0,25.4,5,127
QR10282,2019-10-12,ASPAC,Product I,0,47.8,2,95.6
QR10283,2019-10-13,NA,Product E,0,157,3,471
QR10284,2019-10-13,NA,Product D,0,272.6,26,7087.6
QR10285,2019-10-14,NA,Product I,1,52.2,29,1211.0400000000002
QR10286,2019-10-16,NA,Product F,0,110,25,2750
QR10287,2019-10-16,EMEA,Product D,0,120.8,26,3140.7999999999997
QR10288,2019-10-16,EMEA,Product H,0,81.4,29,2360.6000000000004
QR10289,2019-10-16,NA,Product I,0,49.2,24,1180.8000000000002
QR10290,2019-10-19,ASPAC,Product A,0,129.1,21,2711.1
QR10291,2019-10-22,EMEA,Product E,0,186.7,3,560.0999999999999
QR10292,2019-10-22,ASPAC,Product E,0,69,28,1932
QR10293,2019-10-23,NA,Product E,0,153.7,1,153.7
QR10294,2019-10-24,EMEA,Product E,0,83.2,24,1996.8000000000002
QR10295,2019-10-25,NA,Product F,0,78.7,16,1259.2
QR10296,2019-10-26,NA,Product F,0,61.1,5,305.5
QR10297,2019-10-27,NA,Product F,1,189.7,9,1365.84
QR10298,2019-10-28,NA,Product F,0,90.9,11,999.9000000000001
QR10299,2019-10-28,NA,Product F,1,226.5,14,2536.8
QR10300,2019-10-29,NA,Product E,0,91.3,15,1369.5
QR10301,2019-10-29,NA,Product E,0,43.7,10,437
QR10302,2019-10-31,NA,Product H,0,55.4,7,387.8
QR10303,2019-11-01,NA,Product C,0,279.9,16,4478.4
QR10304,2019-11-02,NA,Product E,0,272.3,15,4084.5
QR10305,2019-11-03,LATAM,Product I,0,101.7,13,1322.1000000000001
QR10306,2019-11-05,LATAM,Product A,0,195.4,2,390.8
QR10307,2019-11-06,NA,Product B,0,77.6,28,2172.7999999999997
QR10308,2019-11-06,LATAM,Product F,0,13.3,18,239.4
QR10309,2019-11-07,NA,Product C,0,213.2,28,5969.5999999999995
QR10310,2019-11-11,EMEA,Product H,0,125.6,25,3140
QR10311,2019-11-11,EMEA,Product F,1,179.7,30,4312.799999999999
QR10312,2019-11-12,NA,Product E,1,62.2,1,49.760000000000005
QR10313,2019-11-13,NA,Product E,0,91.1,7,637.6999999999999
QR10314,2019-11-13,EMEA,Product I,0,278.1,10,2781
QR10315,2019-11-15,EMEA,Product F,0,48.6,13,631.8000000000001
QR10316,2019-11-16,EMEA,Product E,1,12.2,25,244
QR10317,2019-11-16,NA,Product E,1,24.8,5,99.20000000000002
QR10318,2019-11-18,EMEA,Product H,0,191.7,2,383.4
QR10319,2019-11-19,EMEA,Product E,0,74.2,8,593.6
QR10320,2019-11-21,EMEA,Product B,0,92.9,21,1950.9
QR10321,2019-11-21,NA,Product A,0,75.2,23,1729.6000000000001
QR10322,2019-11-22,NA,Product A,0,172.3,15,2584.5
QR10323,2019-11-23,LATAM,Product E,0,77.8,17,1322.6
QR10324,2019-11-23,NA,Product B,0,148.8,20,2976
QR10325,2019-11-24,ASPAC,Product B,1,68.5,18,986.4000000000001
QR10326,2019-11-26,EMEA,Product I,0,214.5,30,6435
QR10327,2019-11-27,ASPAC,Product F,0,237.3,25,5932.5
QR10328,2019-11-29,EMEA,Product E,0,233,30,6990
QR10329,2019-12-02,NA,Product E,0,80.3,22,1766.6
QR10330,2019-12-02,NA,Product D,0,8.6,5,43
QR10331,2019-12-03,EMEA,Product B,0,214.3,15,3214.5
QR10332,2019-12-03,EMEA,Product F,0,66.4,24,1593.6000000000001
QR10333,2019-12-05,EMEA,Product E,1,101.5,25,2030
QR10334,2019-12-05,NA,Product E,0,271,26,7046
QR10335,2019-12-07,EMEA,Product C,0,42.1,19,799.9
QR10336,2019-12-07,NA,Product C,0,250.4,19,4757.6
QR10337,2019-12-08,EMEA,Product H,0,245.7,7,1719.8999999999999
QR10338,2019-12-10,NA,Product A,0,238.1,7,1666.7
QR10339,2019-12-11,NA,Product B,1,31.6,6,151.68
QR10340,2019-12-11,NA,Product F,0,15.7,4,62.8
QR10341,2019-12-11,NA,Product B,0,182.1,11,2003.1
QR10342,2019-12-12,EMEA,Product B,0,78.1,6,468.59999999999997
QR10343,2019-12-12,EMEA,Product E,0,64,30,1920
QR10344,2019-12-13,NA,Product F,0,117.8,9,1060.2
QR10345,2019-12-16,NA,Product D,0,27.8,2,55.6
QR10346,2019-12-17,EMEA,Product F,0,66.5,15,997.5
QR10347,2019-12-17,EMEA,Product B,0,110.2,8,881.6
QR10348,2019-12-18,NA,Product D,0,50.6,28,1416.8
QR10349,2019-12-19,EMEA,Product E,0,228.3,26,5935.8
QR10350,2019-12-23,NA,Product B,0,265.5,11,2920.5
QR10351,2019-12-23,EMEA,Product B,0,13.8,21,289.8
QR10352,2019-12-25,ASPAC,Product H,0,276.7,1,276.7
QR10353,2019-12-26,EMEA,Product H,1,62.2,2,99.52000000000001
QR10354,2019-12-26,NA,Product C,1,204,17,2774.4
QR10355,2019-12-27,NA,Product H,0,244,27,6588
QR10356,2019-12-28,EMEA,Product C,0,146.2,15,2193
QR10357,2019-12-28,EMEA,Product B,1,13.8,11,121.44000000000001
QR10358,2019-12-28,EMEA,Product E,0,247.1,27,6671.7
QR10359,2019-12-29,NA,Product E,0,257,9,2313
QR10360,2019-12-29,EMEA,Product I,0,264.8,13,3442.4
QR10361,2019-12-29,EMEA,Product C,0,265.5,2,531
QR10362,2019-12-30,EMEA,Product B,0,82.2,7,575.4
QR10363,2019-12-30,EMEA,Product F,0,47.8,1,47.8
QR10364,2020-01-01,LATAM,Product E,0,211.9,5,1059.5
QR10365,2020-01-01,EMEA,Product B,0,249.9,10,2499
QR10366,2020-01-01,NA,Product F,1,11.7,11,102.96
QR10367,2020-01-03,NA,Product E,0,226.3,27,6110.1
QR10368,2020-01-03,ASPAC,Product F,0,89.7,28,2511.6
QR10369,2020-01-07,EMEA,Product H,1,28,29,649.6
QR10370,2020-01-10,ASPAC,Product I,0,113.9,24,2733.6000000000004
QR10371,2020-01-10,NA,Product D,0,50.3,11,553.3
QR10372,2020-01-11,NA,Product B,0,87.6,29,2540.3999999999996
QR10373,2020-01-14,EMEA,Product D,0,223.6,19,4248.4
QR10374,2020-01-14,NA,Product F,0,23.5,13,305.5
QR10375,2020-01-16,NA,Product B,0,278.9,10,2789
QR10376,2020-01-17,EMEA,Product F,0,219.7,15,3295.5
QR10377,2020-01-17,EMEA,Product I,0,233.3,20,4666
QR10378,2020-01-17,NA,Product E,0,52.4,4,209.6
QR10379,2020-01-18,EMEA,Product A,0,85,8,680
QR10380,2020-01-19,EMEA,Product H,0,242.8,9,2185.2000000000003
QR10381,2020-01-20,EMEA,Product E,0,82,9,738
QR10382,2020-01-23,ASPAC,Product E,0,163.5,5,817.5
QR10383,2020-01-25,NA,Product E,0,16,9,144
QR10384,2020-01-30,NA,Product C,0,224.6,16,3593.6
QR10385,2020-01-30,NA,Product B,1,275.8,30,6619.200000000001
QR10386,2020-01-31,EMEA,Product B,0,111.9,1,111.9
QR10387,2020-02-02,LATAM,Product F,0,111.8,27,3018.6
QR10388,2020-02-04,ASPAC,Product E,0,102.2,11,1124.2
QR10389,2020-02-05,NA,Product F,0,46.1,14,645.4
QR10390,2020-02-06,NA,Product H,1,233.1,28,5221.4400000000005
QR10391,2020-02-09,EMEA,Product H,0,237.5,25,5937.5
QR10392,2020-02-10,NA,Product B,0,23.8,30,714
QR10393,2020-02-13,NA,Product F,0,78.5,1,78.5
QR10394,2020-02-14,ASPAC,Product A,0,80.9,22,1779.8000000000002
QR10395,2020-02-17,ASPAC,Product H,0,57.1,16,913.6
QR10396,2020-02-18,NA,Product D,0,10.4,18,187.20000000000002
QR10397,2020-02-19,EMEA,Product I,0,91.2,23,2097.6
QR10398,2020-02-20,EMEA,Product B,0,60.1,22,1322.2
QR10399,2020-02-24,NA,Product D,0,23.1,14,323.40000000000003
QR10400,2020-02-24,NA,Product C,0,234.9,4,939.6
QR10401,2020-02-24,EMEA,Product C,0,118.3,18,2129.4
QR10402,2020-02-25,LATAM,Product B,0,119.7,23,2753.1
QR10403,2020-02-25,NA,Product F,1,193,8,1235.2
QR10404,2020-02-27,NA,Product B,0,81.1,17,1378.6999999999998
QR10405,2020-02-27,NA,Product A,0,112.4,18,2023.2
QR10406,2020-02-29,NA,Product E,0,112.4,8,899.2
QR10407,2020-02-29,EMEA,Product C,0,36.5,18,657
QR10408,2020-02-29,EMEA,Product E,0,240.2,25,6005
QR10409,2020-03-03,NA,Product H,0,160.3,3,480.90000000000003
QR10410,2020-03-04,NA,Product H,0,80.6,29,2337.3999999999996
QR10411,2020-03-04,NA,Product E,0,157.8,28,4418.4000000000005
QR10412,2020-03-06,ASPAC,Product I,0,167.3,7,1171.1000000000001
QR10413,2020-03-12,NA,Product E,0,116.1,24,2786.3999999999996
QR10414,2020-03-12,LATAM,Product I,0,108.7,6,652.2
QR10415,2020-03-18,ASPAC,Product B,0,28.4,7,198.79999999999998
QR10416,2020-03-19,EMEA,Product C,1,84,15,1008
QR10417,2020-03-20,NA,Product E,0,171.2,2,342.4
QR10418,2020-03-20,LATAM,Product E,0,56.3,10,563
QR10419,2020-03-20,NA,Product F,0,247.1,19,4694.9
QR10420,2020-03-23,NA,Product E,0,162.5,4,650
QR10421,2020-03-24,EMEA,Product B,1,47.3,13,491.91999999999996
QR10422,2020-03-26,ASPAC,Product H,0,239.4,10,2394
QR10423,2020-03-27,LATAM,Product B,1,49.5,13,514.8000000000001
QR10424,2020-03-27,NA,Product B,1,33.5,8,214.4
QR10425,2020-03-28,NA,Product E,0,196.5,21,4126.5
QR10426,2020-03-28,ASPAC,Product B,0,245.6,21,5157.5999999999995
QR10427,2020-03-29,NA,Product B,0,150.2,4,600.8
QR10428,2020-03-31,NA,Product B,0,23.3,10,233
QR10429,2020-03-31,LATAM,Product E,0,151.9,25,3797.5
QR10430,2020-04-01,NA,Product F,0,97.5,30,2925
QR10431,2020-04-01,NA,Product C,0,60.4,12,724.8
QR10432,2020-04-01,EMEA,Product E,0,266.5,18,4797
QR10433,2020-04-02,NA,Product B,0,176.3,12,2115.6000000000004
QR10434,2020-04-02,NA,Product I,0,105.7,21,2219.7000000000003
QR10435,2020-04-03,NA,Product F,0,13.6,8,108.8
QR10436,2020-04-04,EMEA,Product D,0,166.8,5,834
QR10437,2020-04-05,NA,Product D,0,115.9,12,1390.8000000000002
QR10438,2020-04-06,ASPAC,Product C,0,36.7,13,477.1
QR10439,2020-04-10,EMEA,Product B,0,86.4,25,2160
QR10440,2020-04-12,LATAM,Product C,0,225.2,19,4278.8
QR10441,2020-04-14,EMEA,Product F,0,265.2,28,7425.5999999999995
QR10442,2020-04-15,NA,Product B,0,251.3,29,7287.700000000001
QR10443,2020-04-16,NA,Product E,0,43.9,10,439
QR10444,2020-04-17,ASPAC,Product D,1,47.9,9,344.88
QR10445,2020-04-17,NA,Product C,0,279.3,30,8379
QR10446,2020-04-18,NA,Product E,1,91.6,22,1612.16
QR10447,2020-04-18,NA,Product F,0,218.9,8,1751.2
QR10448,2020-04-18,LATAM,Product B,0,278.5,29,8076.5
QR10449,2020-04-18,EMEA,Product F,0,154.3,22,3394.6000000000004
QR10450,2020-04-19,NA,Product F,1,85,30,2040
QR10451,2020-04-21,EMEA,Product E,0,280,14,3920
QR10452,2020-04-24,EMEA,Product H,0,15.8,15,237
QR10453,2020-05-01,NA,Product B,0,157.7,9,1419.3
QR10454,2020-05-01,ASPAC,Product E,0,171.4,28,4799.2
QR10455,2020-05-03,NA,Product D,1,28.1,1,22.480000000000004
QR10456,2020-05-04,NA,Product E,0,40.7,25,1017.5000000000001
QR10457,2020-05-04,NA,Product A,1,133.2,24,2557.44
QR10458,2020-05-05,NA,Product F,0,130.4,30,3912
QR10459,2020-05-05,NA,Product E,0,66.7,26,1734.2
QR10460,2020-05-08,EMEA,Product B,0,56.4,10,564
QR10461,2020-05-09,NA,Product C,0,10.8,27,291.6
QR10462,2020-05-10,LATAM,Product H,1,205.2,11,1805.76
QR10463,2020-05-11,EMEA,Product B,0,108.9,24,2613.6000000000004
QR10464,2020-05-11,NA,Product E,0,35.4,17,601.8
QR10465,2020-05-11,NA,Product F,0,21.1,5,105.5
QR10466,2020-05-13,EMEA,Product E,0,123.7,25,3092.5
QR10467,2020-05-14,ASPAC,Product F,0,8.5,15,127.5
QR10468,2020-05-15,EMEA,Product B,0,271,10,2710
QR10469,2020-05-17,EMEA,Product E,0,160.3,5,801.5
QR10470,2020-05-19,NA,Product E,1,66.8,16,855.04
QR10471,2020-05-22,LATAM,Product E,0,151.4,25,3785
QR10472,2020-05-22,ASPAC,Product E,0,279.4,4,1117.6
QR10473,2020-05-22,EMEA,Product B,0,126.6,11,1392.6
QR10474,2020-05-23,ASPAC,Product F,1,172.4,12,1655.0400000000002
QR10475,2020-05-25,LATAM,Product H,0,161.1,4,644.4
QR10476,2020-05-25,LATAM,Product E,0,128.5,9,1156.5
QR10477,2020-05-26,EMEA,Product H,0,165.2,29,4790.799999999999
QR10478,2020-05-27,LATAM,Product B,0,277.7,26,7220.2
QR10479,2020-05-27,NA,Product I,0,19.5,18,351
QR10480,2020-05-31,LATAM,Product I,1,11.3,11,99.44000000000001
QR10481,2020-06-01,LATAM,Product F,0,188.8,28,5286.4000000000005
QR10482,2020-06-03,NA,Product I,0,53.1,10,531
QR10483,2020-06-04,EMEA,Product C,0,153.8,5,769
QR10484,2020-06-04,ASPAC,Product B,0,251.3,11,2764.3
QR10485,2020-06-05,NA,Product F,0,58.6,13,761.8000000000001
QR10486,2020-06-07,NA,Product B,0,276,7,1932
QR10487,2020-06-09,EMEA,Product H,0,238.4,29,6913.6
QR10488,2020-06-10,EMEA,Product D,0,224.6,25,5615
QR10489,2020-06-10,NA,Product B,0,189.1,25,4727.5
QR10490,2020-06-12,NA,Product C,0,164.6,19,3127.4
QR10491,2020-06-12,ASPAC,Product A,0,98.8,3,296.4
QR10492,2020-06-14,NA,Product H,0,86.7,21,1820.7
QR10493,2020-06-14,NA,Product H,0,58,20,1160
QR10494,2020-06-15,ASPAC,Product E,0,200.4,1,200.4
QR10495,2020-06-16,ASPAC,Product E,0,260.1,4,1040.4
QR10496,2020-06-16,EMEA,Product F,0,173.1,8,1384.8
QR10497,2020-06-16,ASPAC,Product B,0,224.9,5,1124.5
QR10498,2020-06-17,NA,Product E,0,85.2,8,681.6
QR10499,2020-06-18,NA,Product H,0,228.9,24,5493.6
QR10500,2020-06-20,NA,Product F,0,155.9,16,2494.4
QR10501,2020-06-20,ASPAC,Product A,0,43.2,28,1209.6000000000001
QR10502,2020-06-21,ASPAC,Product B,1,28.4,18,408.96
QR10503,2020-06-22,NA,Product F,0,154.6,18,2782.7999999999997
QR10504,2020-06-22,EMEA,Product B,0,202.1,26,5254.5999999999995
QR10505,2020-06-23,EMEA,Product F,1,71.5,5,286
QR10506,2020-06-23,NA,Product D,0,109.4,29,3172.6000000000004
QR10507,2020-06-24,NA,Product E,0,180,6,1080
QR10508,2020-06-29,EMEA,Product F,0,203.8,21,4279.8
QR10509,2020-06-29,NA,Product B,0,257.4,29,7464.5999999999995
QR10510,2020-06-29,NA,Product I,0,180.2,18,3243.6
QR10511,2020-07-01,LATAM,Product E,0,38.2,16,611.2
QR10512,2020-07-06,NA,Product B,1,211.9,16,2712.32
QR10513,2020-07-08,EMEA,Product E,0,210.1,27,5672.7
QR10514,2020-07-09,NA,Product E,0,239.3,25,5982.5
QR10515,2020-07-09,NA,Product C,1,279.2,13,2903.6800000000003
QR10516,2020-07-10,LATAM,Product E,0,163.4,23,3758.2000000000003
QR10517,2020-07-10,EMEA,Product I,0,114.3,27,3086.1
QR10518,2020-07-11,NA,Product B,0,43.8,3,131.39999999999998
QR10519,2020-07-14,EMEA,Product E,0,23.2,7,162.4
QR10520,2020-07-14,NA,Product I,0,156.1,7,1092.7
QR10521,2020-07-15,NA,Product B,0,191,8,1528
QR10522,2020-07-17,ASPAC,Product H,1,168.2,11,1480.16
QR10523,2020-07-17,ASPAC,Product F,0,189.9,22,4177.8
QR10524,2020-07-18,NA,Product I,0,56.2,19,1067.8
QR10525,2020-07-18,EMEA,Product F,0,154.7,28,4331.5999999999995
QR10526,2020-07-20,NA,Product C,0,166.5,5,832.5
QR10527,2020-07-21,NA,Product D,1,79.3,26,1649.44
QR10528,2020-07-21,NA,Product E,0,75.3,24,1807.1999999999998
QR10529,2020-07-23,EMEA,Product I,0,83.8,6,502.79999999999995
QR10530,2020-07-24,EMEA,Product C,0,263.5,8,2108
QR10531,2020-07-24,ASPAC,Product E,0,279.1,28,7814.800000000001
QR10532,2020-07-25,EMEA,Product B,0,25.3,11,278.3
QR10533,2020-07-27,LATAM,Product E,0,16.5,3,49.5
QR10534,2020-07-27,NA,Product B,1,8.3,7,46.480000000000004
QR10535,2020-07-27,EMEA,Product E,0,207.3,24,4975.200000000001
QR10536,2020-07-27,LATAM,Product E,0,22.8,9,205.20000000000002
QR10537,2020-07-28,NA,Product E,0,192.7,10,1927
QR10538,2020-07-29,EMEA,Product E,0,199.3,3,597.9000000000001
QR10539,2020-07-30,NA,Product B,0,91.5,12,1098
QR10540,2020-07-30,NA,Product E,0,130.6,15,1959
QR10541,2020-07-30,LATAM,Product I,0,261.1,3,783.3000000000001
QR10542,2020-08-01,NA,Product E,1,209,22,3678.4000000000005
QR10543,2020-08-02,EMEA,Product I,0,270.7,28,7579.5999999999995
QR10544,2020-08-04,NA,Product E,0,156.5,18,2817
QR10545,2020-08-09,NA,Product E,0,98,27,2646
QR10546,2020-08-09,NA,Product F,1,227.1,23,4178.64
QR10547,2020-08-11,EMEA,Product F,0,163.7,14,2291.7999999999997
QR10548,2020-08-13,LATAM,Product H,0,87.7,19,1666.3
QR10549,2020-08-15,NA,Product I,0,254.2,3,762.5999999999999
QR10550,2020-08-15,ASPAC,Product H,0,276.6,2,553.2
QR10551,2020-08-16,NA,Product F,0,201.9,15,3028.5
QR10552,2020-08-19,NA,Product C,0,78.9,6,473.40000000000003
QR10553,2020-08-19,NA,Product C,0,231.8,13,3013.4
QR10554,2020-08-20,EMEA,Product E,1,134.6,15,1615.2
QR10555,2020-08-21,EMEA,Product A,0,118.2,15,1773
QR10556,2020-08-21,EMEA,Product B,0,230.6,29,6687.4
QR10557,2020-08-23,ASPAC,Product C,0,152.8,23,3514.4
QR10558,2020-08-23,ASPAC,Product I,0,236,10,2360
QR10559,2020-08-24,EMEA,Product E,0,175.2,24,4204.799999999999
QR10560,2020-08-25,ASPAC,Product E,0,56.4,24,1353.6
QR10561,2020-08-25,NA,Product E,1,135.3,17,1840.0800000000002
QR10562,2020-08-25,EMEA,Product A,0,212.6,4,850.4
QR10563,2020-08-28,EMEA,Product B,0,86.8,6,520.8
QR10564,2020-08-28,EMEA,Product B,0,171.3,24,4111.200000000001
QR10565,2020-08-29,EMEA,Product C,0,194.7,14,2725.7999999999997
QR10566,2020-08-31,ASPAC,Product C,0,115.7,13,1504.1000000000001
QR10567,2020-09-03,EMEA,Product E,0,259.2,23,5961.5999999999995
QR10568,2020-09-04,ASPAC,Product H,0,147.6,30,4428
QR10569,2020-09-05,NA,Product B,1,102.2,1,81.76
QR10570,2020-09-07,NA,Product I,0,193.4,12,2320.8
QR10571,2020-09-09,EMEA,Product E,0,236.8,6,1420.8000000000002
QR10572,2020-09-10,EMEA,Product I,1,32.5,5,130
QR10573,2020-09-11,ASPAC,Product B,0,155.5,25,3887.5
QR10574,2020-09-11,NA,Product E,0,251.5,15,3772.5
QR10575,2020-09-11,LATAM,Product E,0,42.5,28,1190
QR10576,2020-09-12,LATAM,Product F,0,80.6,26,2095.6
QR10577,2020-09-12,NA,Product E,0,262.3,16,4196.8
QR10578,2020-09-14,NA,Product A,0,7.1,4,28.4
QR10579,2020-09-15,NA,Product F,0,154.7,19,2939.2999999999997
QR10580,2020-09-16,NA,Product C,0,214.6,23,4935.8
QR10581,2020-09-16,EMEA,Product B,0,151.7,28,4247.5999999999995
QR10582,2020-09-17,NA,Product D,0,177.3,19,3368.7000000000003
QR10583,2020-09-18,NA,Product E,1,163.3,15,1959.6000000000001
QR10584,2020-09-18,EMEA,Product F,0,220.2,20,4404
QR10585,2020-09-18,NA,Product C,0,153,18,2754
QR10586,2020-09-19,EMEA,Product B,1,197.6,1,158.08
QR10587,2020-09-19,NA,Product I,1,266.8,8,1707.5200000000002
QR10588,2020-09-20,EMEA,Product E,0,23.3,13,302.90000000000003
QR10589,2020-09-20,NA,Product F,0,56.2,11,618.2
QR10590,2020-09-20,EMEA,Product H,0,100.9,1,100.9
QR10591,2020-09-21,LATAM,Product F,0,139.7,11,1536.6999999999998
QR10592,2020-09-22,ASPAC,Product A,1,115.2,17,1566.7200000000003
QR10593,2020-09-23,EMEA,Product E,0,146,23,3358
QR10594,2020-09-24,ASPAC,Product B,1,229.3,3,550.32
QR10595,2020-09-25,NA,Product D,0,176.9,22,3891.8
QR10596,2020-09-26,EMEA,Product F,0,172,4,688
QR10597,2020-10-01,EMEA,Product C,0,175.9,19,3342.1
QR10598,2020-10-02,ASPAC,Product F,0,197.6,1,197.6
QR10599,2020-10-06,EMEA,Product F,0,60.7,5,303.5
QR10600,2020-10-07,NA,Product E,1,140.4,16,1797.1200000000001
QR10601,2020-10-07,NA,Product F,0,6.6,3,19.799999999999997
QR10602,2020-10-08,EMEA,Product I,0,21.7,12,260.4
QR10603,2020-10-08,NA,Product D,1,96.5,24,1852.8000000000002
QR10604,2020-10-09,ASPAC,Product B,0,41.7,16,667.2
QR10605,2020-10-10,NA,Product E,0,68.8,28,1926.3999999999999
QR10606,2020-10-10,NA,Product H,0,124.3,7,870.1
QR10607,2020-10-11,EMEA,Product E,0,201.8,18,3632.4
QR10608,2020-10-12,ASPAC,Product H,0,51.5,20,1030
QR10609,2020-10-13,EMEA,Product I,0,93.5,24,2244
QR10610,2020-10-14,NA,Product E,0,133.1,2,266.2
QR10611,2020-10-15,EMEA,Product E,0,216.8,10,2168
QR10612,2020-10-16,EMEA,Product B,0,79.5,28,2226
QR10613,2020-10-17,NA,Product E,0,120.7,20,2414
QR10614,2020-10-21,ASPAC,Product I,0,228.6,25,5715
QR10615,2020-10-23,EMEA,Product H,1,96.3,5,385.20000000000005
QR10616,2020-10-24,LATAM,Product F,0,215.8,6,1294.8000000000002
QR10617,2020-10-25,ASPAC,Product D,0,211.8,5,1059
QR10618,2020-10-28,NA,Product E,0,79.9,11,878.9000000000001
QR10619,2020-10-30,EMEA,Product B,0,222.9,6,1337.4
QR10620,2020-10-31,NA,Product F,0,37.4,15,561
QR10621,2020-11-01,EMEA,Product F,0,9.6,24,230.39999999999998
QR10622,2020-11-02,LATAM,Product F,0,99.1,23,2279.2999999999997
QR10623,2020-11-04,NA,Product I,0,123.8,20,2476
QR10624,2020-11-05,NA,Product E,1,271.2,7,1518.72
QR10625,2020-11-05,ASPAC,Product A,0,262.8,8,2102.4
QR10626,2020-11-07,NA,Product C,0,216.3,14,3028.2000000000003
QR10627,2020-11-07,NA,Product B,0,54.8,13,712.4
QR10628,2020-11-08,LATAM,Product F,0,242.4,20,4848
QR10629,2020-11-10,NA,Product I,0,100.2,15,1503
QR10630,2020-11-12,NA,Product B,0,232.6,10,2326
QR10631,2020-11-13,EMEA,Product E,0,130.1,15,1951.5
QR10632,2020-11-13,EMEA,Product F,1,83.6,6,401.28
QR10633,2020-11-15,EMEA,Product E,0,171.2,23,3937.6
QR10634,2020-11-18,EMEA,Product E,1,27.5,5,110
QR10635,2020-11-18,NA,Product I,0,54.4,5,272
QR10636,2020-11-20,NA,Product A,0,8.5,23,195.5
QR10637,2020-11-20,NA,Product F,0,207.1,5,1035.5
QR10638,2020-11-21,EMEA,Product E,0,92,5,460
QR10639,2020-11-21,NA,Product I,1,159,18,2289.6
QR10640,2020-11-21,NA,Product C,0,64.8,14,907.1999999999999
QR10641,2020-11-22,EMEA,Product I,0,168.6,19,3203.4
QR10642,2020-11-23,ASPAC,Product E,0,39.9,5,199.5
QR10643,2020-11-24,ASPAC,Product C,0,113.8,3,341.4
QR10644,2020-11-24,EMEA,Product D,0,65.1,14,911.3999999999999
QR10645,2020-11-25,NA,Product I,0,278.8,16,4460.8
QR10646,2020-11-26,NA,Product H,1,141.4,25,2828
QR10647,2020-11-27,EMEA,Product H,0,204.1,26,5306.5999999999995
QR10648,2020-11-28,NA,Product E,0,165.8,11,1823.8000000000002
QR10649,2020-12-01,EMEA,Product C,0,167.2,24,4012.7999999999997
QR10650,2020-12-02,NA,Product F,0,176.4,12,2116.8
QR10651,2020-12-06,NA,Product H,0,236.7,10,2367
QR10652,2020-12-07,EMEA,Product E,0,198.3,11,2181.3
QR10653,2020-12-08,NA,Product B,0,210.8,15,3162
QR10654,2020-12-09,EMEA,Product B,0,236.6,24,5678.4
QR10655,2020-12-11,NA,Product F,0,132.7,9,1194.3
QR10656,2020-12-12,NA,Product H,0,23,3,69
QR10657,2020-12-13,NA,Product F,0,255.5,22,5621
QR10658,2020-12-13,NA,Product A,0,36.7,13,477.1
QR10659,2020-12-14,ASPAC,Product C,0,32.9,17,559.3
QR10660,2020-12-16,NA,Product F,1,184.8,19,2808.96
QR10661,2020-12-16,ASPAC,Product F,0,161,14,2254
QR10662,2020-12-17,NA,Product B,0,34.4,3,103.19999999999999
QR10663,2020-12-18,EMEA,Product F,0,136.6,3,409.79999999999995
QR10664,2020-12-18,NA,Product B,0,15.8,12,189.60000000000002
QR10665,2020-12-20,EMEA,Product I,0,160.8,20,3216
QR10666,2020-12-21,EMEA,Product H,0,84.4,4,337.6
QR10667,2020-12-21,EMEA,Product E,0,36.1,1,36.1
QR10668,2020-12-22,ASPAC,Product B,0,31.5,22,693
QR10669,2020-12-22,EMEA,Product C,0,220.6,9,1985.3999999999999
QR10670,2020-12-23,NA,Product H,1,199.1,28,4459.84
QR10671,2020-12-24,LATAM,Product F,0,179.1,22,3940.2
QR10672,2020-12-26,ASPAC,Product E,0,196.9,24,4725.6
QR10673,2020-12-27,EMEA,Product E,0,132,30,3960
QR10674,2020-12-28,ASPAC,Product B,0,74,26,1924
QR10675,2020-12-28,NA,Product E,1,244.6,22,4304.96
QR10676,2020-12-30,NA,Product A,0,40.7,11,447.70000000000005
QR10677,2020-12-31,EMEA,Product H,0,214.8,19,4081.2000000000003
QR10678,2021-01-02,EMEA,Product I,1,105.3,7,589.6800000000001
QR10679,2021-01-02,EMEA,Product F,0,84.8,3,254.39999999999998
QR10680,2021-01-02,NA,Product I,0,198,24,4752
QR10681,2021-01-05,NA,Product B,0,216.9,16,3470.4
QR10682,2021-01-07,ASPAC,Product H,0,216.8,29,6287.200000000001
QR10683,2021-01-09,EMEA,Product I,0,61.8,2,123.6
QR10684,2021-01-10,LATAM,Product B,0,213.7,11,2350.7
QR10685,2021-01-10,EMEA,Product E,0,89.5,7,626.5
QR10686,2021-01-11,EMEA,Product B,0,88.2,12,1058.4
QR10687,2021-01-14,NA,Product E,0,254.2,14,3558.7999999999997
QR10688,2021-01-15,NA,Product E,0,131.1,18,2359.7999999999997
QR10689,2021-01-16,NA,Product I,0,166.7,29,4834.299999999999
QR10690,2021-01-19,NA,Product H,1,47.2,5,188.8
QR10691,2021-01-20,NA,Product H,0,201.6,24,4838.4
QR10692,2021-01-20,EMEA,Product I,0,197.1,26,5124.5999999999995
QR10693,2021-01-21,NA,Product B,1,9.9,22,174.24
QR10694,2021-01-22,NA,Product A,0,106.8,9,961.1999999999999
QR10695,2021-01-26,NA,Product I,0,155.6,8,1244.8
QR10696,2021-01-28,ASPAC,Product F,0,165.1,7,1155.7
QR10697,2021-01-29,NA,Product H,0,160.2,20,3204
QR10698,2021-01-31,NA,Product B,1,27,12,259.20000000000005
QR10699,2021-02-02,NA,Product E,0,219.9,27,5937.3
QR10700,2021-02-05,LATAM,Product B,1,142.7,20,2283.2
QR10701,2021-02-06,EMEA,Product E,0,261,18,4698
QR10702,2021-02-07,EMEA,Product B,1,233.9,2,374.24
QR10703,2021-02-07,NA,Product E,1,195.5,12,1876.8000000000002
QR10704,2021-02-08,EMEA,Product H,0,27.2,3,81.6
QR10705,2021-02-09,EMEA,Product E,0,172.1,12,2065.2
QR10706,2021-02-10,NA,Product F,0,151.5,23,3484.5
QR10707,2021-02-10,ASPAC,Product I,0,103.3,28,2892.4
QR10708,2021-02-11,ASPAC,Product E,1,28.8,30,691.2
QR10709,2021-02-14,NA,Product E,0,137.3,2,274.6
QR10710,2021-02-17,NA,Product C,0,21.1,16,337.6
QR10711,2021-02-23,NA,Product B,0,162.8,24,3907.2000000000003
QR10712,2021-02-25,LATAM,Product E,0,179.7,30,5391
QR10713,2021-02-27,ASPAC,Product D,0,30.3,26,787.8000000000001
QR10714,2021-03-01,ASPAC,Product B,0,157,23,3611
QR10715,2021-03-01,EMEA,Product E,0,129.9,25,3247.5
QR10716,2021-03-02,EMEA,Product E,0,20,16,320
QR10717,2021-03-02,NA,Product E,0,203.7,30,6111
QR10718,2021-03-05,EMEA,Product C,0,55.1,9,495.90000000000003
QR10719,2021-03-05,ASPAC,Product C,0,31,14,434
QR10720,2021-03-05,NA,Product E,0,211.2,30,6336
QR10721,2021-03-05,ASPAC,Product I,0,121,28,3388
QR10722,2021-03-05,EMEA,Product D,0,55.5,21,1165.5
QR10723,2021-03-07,NA,Product H,0,61.5,4,246
QR10724,2021-03-07,EMEA,Product A,0,132.2,5,661
QR10725,2021-03-09,ASPAC,Product A,0,162.8,13,2116.4
QR10726,2021-03-13,LATAM,Product C,0,77.4,12,928.8000000000001
QR10727,2021-03-15,NA,Product E,0,144,23,3312
QR10728,2021-03-16,EMEA,Product E,0,177.5,26,4615
QR10729,2021-03-17,NA,Product B,0,160.4,15,2406
QR10730,2021-03-18,ASPAC,Product F,0,235.8,19,4480.2
QR10731,2021-03-18,LATAM,Product C,0,208.8,19,3967.2000000000003
QR10732,2021-03-18,NA,Product E,1,188.1,17,2558.16
QR10733,2021-03-19,EMEA,Product B,1,126.8,26,2637.44
QR10734,2021-03-19,NA,Product F,0,51.7,4,206.8
QR10735,2021-03-21,NA,Product E,1,74,27,1598.4
QR10736,2021-03-22,NA,Product E,1,133.9,17,1821.04
QR10737,2021-03-24,NA,Product C,0,86,13,1118
QR10738,2021-03-24,NA,Product B,0,273.2,1,273.2
QR10739,2021-03-25,ASPAC,Product H,0,223.7,13,2908.1
QR10740,2021-03-27,EMEA,Product F,0,273.4,24,6561.5999999999995
QR10741,2021-03-29,ASPAC,Product D,0,136.2,6,817.1999999999999
QR10742,2021-03-29,EMEA,Product H,0,73.6,6,441.59999999999997
QR10743,2021-03-29,LATAM,Product E,0,255.3,16,4084.8
QR10744,2021-03-29,EMEA,Product H,0,103.4,9,930.6
QR10745,2021-03-30,ASPAC,Product B,0,73.9,1,73.9
QR10746,2021-03-30,EMEA,Product C,0,101.4,21,2129.4
QR10747,2021-03-31,NA,Product F,0,154.7,17,2629.8999999999996
QR10748,2021-03-31,EMEA,Product F,0,206.8,14,2895.2000000000003
QR10749,2021-04-01,EMEA,Product F,0,266.4,24,6393.5999999999995
QR10750,2021-04-01,EMEA,Product B,0,133.3,23,3065.9
QR10751,2021-04-03,ASPAC,Product B,0,31.6,23,726.8000000000001
QR10752,2021-04-04,LATAM,Product H,0,96.5,22,2123
QR10753,2021-04-04,EMEA,Product C,0,172.5,25,4312.5
QR10754,2021-04-05,EMEA,Product F,0,121.4,14,1699.6000000000001
QR10755,2021-04-06,NA,Product B,0,6.8,21,142.79999999999998
QR10756,2021-04-07,NA,Product H,0,217,5,1085
QR10757,2021-04-08,NA,Product I,0,217.9,18,3922.2000000000003
QR10758,2021-04-10,NA,Product B,0,116.6,27,3148.2
QR10759,2021-04-12,NA,Product E,0,219.5,6,1317
QR10760,2021-04-12,ASPAC,Product C,0,98.7,6,592.2
QR10761,2021-04-14,EMEA,Product F,0,229.7,23,5283.0999999999995
QR10762,2021-04-14,ASPAC,Product H,0,217.6,4,870.4
QR10763,2021-04-16,EMEA,Product I,0,196.6,22,4325.2
QR10764,2021-04-17,LATAM,Product B,0,123.3,30,3699
QR10765,2021-04-19,EMEA,Product E,0,24.8,1,24.8
QR10766,2021-04-20,NA,Product F,0,277.4,27,7489.799999999999
QR10767,2021-04-20,EMEA,Product H,0,213,3,639
QR10768,2021-04-22,EMEA,Product E,0,278.6,17,4736.200000000001
QR10769,2021-04-23,NA,Product F,0,47.2,28,1321.6000000000001
QR10770,2021-04-23,NA,Product B,0,64.9,3,194.70000000000002
QR10771,2021-04-24,EMEA,Product F,0,93.5,10,935
QR10772,2021-04-24,LATAM,Product B,0,64.1,22,1410.1999999999998
QR10773,2021-04-26,NA,Product H,0,134.3,29,3894.7000000000003
QR10774,2021-04-26,ASPAC,Product E,0,31.6,13,410.8
QR10775,2021-04-27,NA,Product F,0,232.5,16,3720
QR10776,2021-05-01,LATAM,Product B,1,72.5,30,1740
QR10777,2021-05-01,EMEA,Product B,0,137,7,959
QR10778,2021-05-02,NA,Product H,0,177.3,26,4609.8
QR10779,2021-05-03,NA,Product I,0,152.5,9,1372.5
QR10780,2021-05-04,ASPAC,Product E,0,65.3,4,261.2
QR10781,2021-05-04,NA,Product E,0,148.5,13,1930.5
QR10782,2021-05-04,EMEA,Product E,0,123.6,7,865.1999999999999
QR10783,2021-05-05,ASPAC,Product E,0,58.9,11,647.9
QR10784,2021-05-06,NA,Product F,0,152.1,12,1825.1999999999998
QR10785,2021-05-07,NA,Product E,0,158.4,13,2059.2000000000003
QR10786,2021-05-07,NA,Product F,0,84.5,22,1859
QR10787,2021-05-09,EMEA,Product C,0,142,3,426
QR10788,2021-05-09,ASPAC,Product I,0,57.3,2,114.6
QR10789,2021-05-10,NA,Product A,1,130.1,3,312.24
QR10790,2021-05-12,NA,Product A,1,45.7,1,36.56
QR10791,2021-05-15,NA,Product I,0,124.8,10,1248
QR10792,2021-05-15,NA,Product F,1,240,16,3072
QR10793,2021-05-17,NA,Product D,1,120.3,20,1924.8000000000002
QR10794,2021-05-17,NA,Product B,0,171.6,9,1544.3999999999999
QR10795,2021-05-19,NA,Product I,0,159.8,15,2397
QR10796,2021-05-20,LATAM,Product H,0,134.2,13,1744.6
QR10797,2021-05-22,EMEA,Product I,0,103,26,2678
QR10798,2021-05-22,LATAM,Product E,0,163.5,27,4414.5
QR10799,2021-05-23,EMEA,Product E,0,168.4,21,3536.4
QR10800,2021-05-23,NA,Product H,0,276.3,23,6354.9000000000005
QR10801,2021-05-24,ASPAC,Product E,1,132.7,20,2123.2
QR10802,2021-05-26,EMEA,Product F,1,94.5,12,907.2
QR10803,2021-05-27,EMEA,Product H,0,41.8,7,292.59999999999997
QR10804,2021-05-30,NA,Product I,0,63.2,21,1327.2
QR10805,2021-05-31,NA,Product H,0,243.7,25,6092.5
QR10806,2021-06-02,NA,Product I,0,189.4,5,947
QR10807,2021-06-02,EMEA,Product F,0,238.5,12,2862
QR10808,2021-06-02,NA,Product D,0,133.3,12,1599.6000000000001
QR10809,2021-06-04,EMEA,Product I,1,97.8,14,1095.3600000000001
QR10810,2021-06-05,NA,Product H,0,123.3,22,2712.6
QR10811,2021-06-07,EMEA,Product E,0,257.1,27,6941.700000000001
QR10812,2021-06-08,ASPAC,Product H,0,126.2,15,1893
QR10813,2021-06-08,EMEA,Product F,0,28.4,28,795.1999999999999
QR10814,2021-06-09,EMEA,Product D,0,134.5,1,134.5
QR10815,2021-06-10,EMEA,Product E,0,274.5,12,3294
QR10816,2021-06-11,ASPAC,Product F,0,143.8,16,2300.8
QR10817,2021-06-11,EMEA,Product E,1,164.4,6,789.1200000000001
QR10818,2021-06-12,ASPAC,Product C,0,168.5,13,2190.5
QR10819,2021-06-13,NA,Product B,0,118.4,10,1184
QR10820,2021-06-15,ASPAC,Product E,0,12.5,23,287.5
QR10821,2021-06-16,NA,Product F,0,221.8,3,665.4000000000001
QR10822,2021-06-16,NA,Product A,0,174.4,6,1046.4
QR10823,2021-06-22,NA,Product B,0,201.9,24,4845.6
QR10824,2021-06-22,EMEA,Product I,1,158.7,9,1142.6399999999999
QR10825,2021-06-22,NA,Product B,0,216.7,12,2600.3999999999996
QR10826,2021-06-23,NA,Product A,0,252.2,12,3026.3999999999996
QR10827,2021-06-25,LATAM,Product E,0,125.2,19,2378.8
QR10828,2021-06-25,LATAM,Product H,0,162.8,13,2116.4
QR10829,2021-06-27,ASPAC,Product B,0,124.6,18,2242.7999999999997
QR10830,2021-06-28,NA,Product A,0,171.4,26,4456.4000000000005
QR10831,2021-06-29,NA,Product E,0,16.4,28,459.19999999999993
QR10832,2021-06-29,NA,Product B,0,104.3,28,2920.4
QR10833,2021-06-30,NA,Product H,0,81.5,22,1793
QR10834,2021-07-02,EMEA,Product E,0,266.7,20,5334
QR10835,2021-07-03,NA,Product H,1,235.1,20,3761.6000000000004
QR10836,2021-07-03,NA,Product D,1,124,1,99.2
QR10837,2021-07-05,ASPAC,Product B,0,37.9,8,303.2
QR10838,2021-07-06,NA,Product B,0,274.7,10,2747
QR10839,2021-07-07,ASPAC,Product E,0,71.9,13,934.7
QR10840,2021-07-07,EMEA,Product F,0,250.6,29,7267.4
QR10841,2021-07-08,NA,Product B,0,166,14,2324
QR10842,2021-07-10,NA,Product E,1,192.6,11,1694.88
QR10843,2021-07-12,NA,Product F,0,225.3,23,5181.9000000000005
QR10844,2021-07-12,NA,Product B,0,146.1,5,730.5
QR10845,2021-07-13,ASPAC,Product C,0,103.9,26,2701.4
QR10846,2021-07-15,NA,Product B,0,128.2,4,512.8
QR10847,2021-07-16,EMEA,Product H,0,85.2,10,852
QR10848,2021-07-17,NA,Product B,1,262.2,5,1048.8
QR10849,2021-07-19,NA,Product B,0,259.5,27,7006.5
QR10850,2021-07-20,EMEA,Product E,0,48.5,26,1261
QR10851,2021-07-20,LATAM,Product B,0,144.5,21,3034.5
QR10852,2021-07-24,NA,Product F,0,228.7,26,5946.2
QR10853,2021-07-26,ASPAC,Product F,1,239.5,30,5748.000000000001
QR10854,2021-07-26,NA,Product A,0,160,28,4480
QR10855,2021-07-28,NA,Product B,1,204.8,27,4423.680000000001
QR10856,2021-07-31,NA,Product B,0,213.4,2,426.8
QR10857,2021-08-03,NA,Product A,0,167.2,12,2006.3999999999999
QR10858,2021-08-03,ASPAC,Product H,0,244.5,1,244.5
QR10859,2021-08-04,ASPAC,Product I,0,87.9,23,2021.7
QR10860,2021-08-05,NA,Product C,0,276.9,8,2215.2
QR10861,2021-08-08,NA,Product A,1,171.4,7,959.84
QR10862,2021-08-08,EMEA,Product H,0,245,17,4165
QR10863,2021-08-10,EMEA,Product F,0,121,27,3267
QR10864,2021-08-13,ASPAC,Product B,0,66.8,27,1803.6
QR10865,2021-08-14,ASPAC,Product I,0,273.6,4,1094.4
QR10866,2021-08-16,NA,Product E,0,260.9,27,7044.299999999999
QR10867,2021-08-16,EMEA,Product E,0,242.6,1,242.6
QR10868,2021-08-17,EMEA,Product E,0,222,9,1998
QR10869,2021-08-17,NA,Product A,0,18.9,16,302.4
QR10870,2021-08-17,NA,Product B,0,88.8,12,1065.6
QR10871,2021-08-18,NA,Product B,0,66.4,11,730.4000000000001
QR10872,2021-08-18,ASPAC,Product B,0,106.3,2,212.6
QR10873,2021-08-18,EMEA,Product E,1,134.6,8,861.44
QR10874,2021-08-18,NA,Product E,0,256.4,15,3845.9999999999995
QR10875,2021-08-21,EMEA,Product I,1,29.2,15,350.4
QR10876,2021-08-22,EMEA,Product B,0,169.5,1,169.5
QR10877,2021-08-22,LATAM,Product B,0,215.7,17,3666.8999999999996
QR10878,2021-08-24,NA,Product E,0,83.7,12,1004.4000000000001
QR10879,2021-08-26,NA,Product E,0,193.9,2,387.8
QR10880,2021-08-26,LATAM,Product B,0,212.8,27,5745.6
QR10881,2021-08-27,NA,Product E,0,40.3,1,40.3
QR10882,2021-08-28,ASPAC,Product F,0,113,12,1356
QR10883,2021-08-29,EMEA,Product I,0,244.6,25,6115
QR10884,2021-08-29,NA,Product F,0,243.2,1,243.2
QR10885,2021-08-29,NA,Product E,1,99,27,2138.4
QR10886,2021-08-31,EMEA,Product B,0,63.6,3,190.8
QR10887,2021-09-01,EMEA,Product E,0,65.3,2,130.6
QR10888,2021-09-03,EMEA,Product E,0,117.2,6,703.2
QR10889,2021-09-04,EMEA,Product E,0,197,17,3349
QR10890,2021-09-04,EMEA,Product E,1,30.9,23,568.56
QR10891,2021-09-06,NA,Product C,0,231.5,2,463
QR10892,2021-09-08,NA,Product E,0,208.3,19,3957.7000000000003
QR10893,2021-09-09,NA,Product F,0,156.5,2,313
QR10894,2021-09-09,ASPAC,Product B,0,201.5,5,1007.5
QR10895,2021-09-10,EMEA,Product C,0,48.1,26,1250.6000000000001
QR10896,2021-09-11,NA,Product H,0,216.8,24,5203.200000000001
QR10897,2021-09-12,NA,Product F,0,101.4,22,2230.8
QR10898,2021-09-15,LATAM,Product F,0,68.4,10,684
QR10899,2021-09-18,EMEA,Product B,0,20.5,30,615
QR10900,2021-09-19,NA,Product E,0,146.5,13,1904.5
QR10901,2021-09-20,EMEA,Product B,0,67.4,19,1280.6000000000001
QR10902,2021-09-21,EMEA,Product E,0,204.1,12,2449.2
QR10903,2021-09-22,NA,Product B,0,73.9,12,886.8000000000001
QR10904,2021-09-22,EMEA,Product E,0,63.1,24,1514.4
QR10905,2021-09-24,ASPAC,Product D,0,123.9,24,2973.6000000000004
QR10906,2021-09-25,EMEA,Product H,0,13.8,9,124.2
QR10907,2021-09-29,NA,Product H,0,109.6,21,2301.6
QR10908,2021-09-30,EMEA,Product I,0,135.3,7,947.1000000000001
QR10909,2021-09-30,NA,Product B,0,42.9,13,557.6999999999999
QR10910,2021-10-01,NA,Product C,0,212.5,24,5100
QR10911,2021-10-02,EMEA,Product B,0,119.3,9,1073.7
QR10912,2021-10-02,NA,Product D,0,269.6,21,5661.6
QR10913,2021-10-02,NA,Product E,0,201.6,20,4032
QR10914,2021-10-03,NA,Product C,1,99.9,3,239.76000000000005
QR10915,2021-10-03,NA,Product E,0,261.1,2,522.2
QR10916,2021-10-04,EMEA,Product C,0,43.1,28,1206.8
QR10917,2021-10-05,NA,Product F,0,181,26,4706
QR10918,2021-10-06,NA,Product C,0,34.7,19,659.3000000000001
QR10919,2021-10-07,LATAM,Product E,0,268.5,15,4027.5
QR10920,2021-10-08,NA,Product B,0,244.7,26,6362.2
QR10921,2021-10-09,ASPAC,Product I,1,137.3,20,2196.8
QR10922,2021-10-09,NA,Product E,0,98.1,27,2648.7
QR10923,2021-10-10,NA,Product E,0,216.2,16,3459.2
QR10924,2021-10-11,NA,Product B,0,249,12,2988
QR10925,2021-10-14,EMEA,Product E,0,269.8,8,2158.4
QR10926,2021-10-15,ASPAC,Product E,0,253.6,12,3043.2
QR10927,2021-10-15,NA,Product F,0,225.6,20,4512
QR10928,2021-10-17,ASPAC,Product I,0,233.1,19,4428.9
QR10929,2021-10-22,EMEA,Product E,0,76.6,3,229.79999999999998
QR10930,2021-10-23,NA,Product H,0,220.6,21,4632.5999999999995
QR10931,2021-10-23,NA,Product E,0,167.6,28,4692.8
QR10932,2021-10-25,ASPAC,Product B,0,272.5,20,5450
QR10933,2021-10-25,NA,Product B,1,141.5,27,3056.4
QR10934,2021-10-25,NA,Product E,0,178.3,4,713.2
QR10935,2021-10-26,EMEA,Product C,1,261.2,14,2925.44
QR10936,2021-10-28,EMEA,Product C,0,111.5,26,2899
QR10937,2021-10-28,ASPAC,Product H,0,151.6,23,3486.7999999999997
QR10938,2021-10-29,ASPAC,Product A,1,167.6,12,1608.96
QR10939,2021-10-31,EMEA,Product C,0,154.3,13,2005.9
QR10940,2021-11-01,NA,Product E,0,218.6,21,4590.5999999999995
QR10941,2021-11-02,EMEA,Product I,0,15.1,10,151
QR10942,2021-11-04,NA,Product E,0,246.9,1,246.9
QR10943,2021-11-05,ASPAC,Product E,0,279.2,1,279.2
QR10944,2021-11-05,ASPAC,Product E,0,167.2,22,3678.3999999999996
QR10945,2021-11-06,EMEA,Product E,0,110,25,2750
QR10946,2021-11-06,NA,Product B,1,99.9,3,239.76000000000005
QR10947,2021-11-09,NA,Product H,0,91.9,18,1654.2
QR10948,2021-11-10,NA,Product C,1,151.7,14,1699.04
QR10949,2021-11-10,LATAM,Product H,0,274.7,23,6318.0999999999995
QR10950,2021-11-11,ASPAC,Product I,0,130.5,12,1566
QR10951,2021-11-11,LATAM,Product H,0,15.4,24,369.6
QR10952,2021-11-12,NA,Product E,1,247.1,6,1186.08
QR10953,2021-11-12,EMEA,Product C,0,56.7,26,1474.2
QR10954,2021-11-16,NA,Product A,0,232.2,29,6733.799999999999
QR10955,2021-11-16,ASPAC,Product I,0,16.4,12,196.79999999999998
QR10956,2021-11-18,NA,Product B,0,136.6,4,546.4
QR10957,2021-11-19,EMEA,Product C,0,106.2,19,2017.8
QR10958,2021-11-19,NA,Product I,0,25.4,9,228.6
QR10959,2021-11-23,EMEA,Product B,0,160,30,4800
QR10960,2021-11-23,EMEA,Product E,1,269.9,18,3886.56
QR10961,2021-11-24,ASPAC,Product H,0,93.2,29,2702.8
QR10962,2021-11-24,NA,Product E,1,49.1,25,982
QR10963,2021-11-24,NA,Product I,0,118.2,1,118.2
QR10964,2021-11-26,EMEA,Product E,0,167.1,18,3007.7999999999997
QR10965,2021-11-26,EMEA,Product H,0,192.8,10,1928
QR10966,2021-11-27,NA,Product D,0,97.1,20,1942
QR10967,2021-11-28,EMEA,Product H,0,274,8,2192
QR10968,2021-11-29,NA,Product E,0,227.4,7,1591.8
QR10969,2021-11-29,NA,Product A,0,152.3,7,1066.1000000000001
QR10970,2021-11-30,ASPAC,Product H,0,274,10,2740
QR10971,2021-11-30,EMEA,Product B,1,228.6,25,4572
QR10972,2021-12-01,ASPAC,Product C,0,96.5,22,2123
QR10973,2021-12-02,LATAM,Product E,0,29.3,23,673.9
QR10974,2021-12-03,NA,Product E,0,129.6,13,1684.8
QR10975,2021-12-04,NA,Product H,0,203.8,26,5298.8
QR10976,2021-12-04,NA,Product B,1,217.1,28,4863.04
QR10977,2021-12-05,NA,Product E,0,18.3,5,91.5
QR10978,2021-12-08,EMEA,Product E,0,135.7,6,814.1999999999999
QR10979,2021-12-08,EMEA,Product E,0,154.9,19,2943.1
QR10980,2021-12-10,ASPAC,Product H,0,32.9,24,789.5999999999999
QR10981,2021-12-12,NA,Product F,0,254.5,2,509
QR10982,2021-12-13,NA,Product I,1,122.9,20,1966.4
QR10983,2021-12-13,ASPAC,Product E,0,110.3,14,1544.2
QR10984,2021-12-13,NA,Product B,0,248.9,26,6471.4000000000005
QR10985,2021-12-14,LATAM,Product I,0,31.4,10,314
QR10986,2021-12-14,NA,Product A,1,141.1,15,1693.1999999999998
QR10987,2021-12-19,NA,Product F,0,83.1,17,1412.6999999999998
QR10988,2021-12-19,NA,Product B,0,107.3,21,2253.2999999999997
QR10989,2021-12-19,NA,Product F,1,199.5,10,1596.0000000000002
QR10990,2021-12-21,EMEA,Product F,0,9.2,3,27.599999999999998
QR10991,2021-12-23,LATAM,Product E,0,146.3,11,1609.3000000000002
QR10992,2021-12-23,EMEA,Product C,0,157.7,6,946.1999999999999
QR10993,2021-12-24,LATAM,Product A,1,258.1,13,2684.2400000000002
QR10994,2021-12-24,EMEA,Product H,0,167.2,23,3845.6
QR10995,2021-12-25,ASPAC,Product H,0,241.1,10,2411
QR10996,2021-12-29,EMEA,Product F,1,60.4,14,676.48
QR10997,2021-12-30,NA,Product I,0,31.5,13,409.5
QR10998,2021-12-30,EMEA,Product F,0,185.7,14,2599.7999999999997
QR10999,2021-12-30,ASPAC,Product F,1,41.6,16,532.48
QR11000,2021-12-31,ASPAC,Product E,0,201.1,15,3016.5
